City_ID,City,Lat,Lng,Max Temp,Humidity,Cloudiness,Wind Speed,Country,Date
0,tsiombe,-25.3,45.4833,17.52,80,0,2.01,MG,1714966424
1,badger,64.8,-147.5333,14.95,38,100,6.69,US,1714966424
2,isafjordur,66.0755,-23.124,0.79,80,8,5.08,IS,1714966424
3,la passe,45.5549,-0.8967,12.77,86,44,5.63,FR,1714966424
4,edinburgh of the seven seas,-37.0676,-12.3116,13.74,64,86,14.0,SH,1714966424
5,albany,42.6001,-73.9662,11.56,84,100,1.67,US,1714966241
6,anadyr,64.75,177.4833,-1.72,69,0,3.0,RU,1714966425
7,waitangi,-43.9535,-176.5597,13.79,82,67,2.24,NZ,1714966425
8,haiku-pauwela,20.9219,-156.3051,26.23,66,20,9.26,US,1714966400
9,port-aux-francais,-49.35,70.2167,6.15,83,89,11.93,TF,1714966425
10,saynshand,44.8824,110.1163,20.39,14,1,4.14,MN,1714966425
11,port saint john's,-31.6229,29.5448,20.65,44,0,3.65,ZA,1714966425
12,ceerigaabo,10.6162,47.368,19.87,74,67,0.93,SO,1714966425
13,whitehorse,60.7161,-135.0538,6.56,87,100,5.66,CA,1714966425
14,ust-nera,64.5667,143.2,3.56,73,96,1.81,RU,1714966425
15,adamstown,-25.066,-130.1015,21.72,69,62,9.41,PN,1714966425
16,sayat,38.7839,63.8803,21.93,38,54,4.34,TM,1714966426
17,grytviken,-54.2811,-36.5092,1.95,84,37,2.73,GS,1714966426
18,luderitz,-26.6481,15.1594,15.06,69,0,2.37,NA,1714966426
19,bredasdorp,-34.5322,20.0403,11.86,60,94,3.22,ZA,1714966426
20,olinda,-8.0089,-34.8553,28.85,74,40,5.14,BR,1714966206
21,eyl,7.9803,49.8164,28.34,77,100,2.18,SO,1714966426
22,ushuaia,-54.8,-68.3,2.81,93,100,5.14,AR,1714966276
23,wailua homesteads,22.0669,-159.378,27.24,79,40,8.75,US,1714966400
24,arraial do cabo,-22.9661,-42.0278,24.21,89,77,9.21,BR,1714966426
25,bobrov,51.0961,40.0333,9.54,83,85,2.2,RU,1714966426
26,itoman,26.1247,127.6694,30.43,79,75,6.69,JP,1714966427
27,upington,-28.4478,21.2561,19.21,30,0,4.12,ZA,1714966427
28,port alfred,-33.5906,26.891,22.36,39,21,5.28,ZA,1714966427
29,portland,45.5234,-122.6762,11.02,87,100,3.09,US,1714966133
30,bethel,41.3712,-73.414,10.76,89,100,0.45,US,1714966427
31,noosa heads,-26.3833,153.15,24.08,72,34,7.12,AU,1714966427
32,port sudan,19.6175,37.2164,28.07,38,0,1.07,SD,1714966427
33,bemidji,47.4736,-94.8803,12.32,50,0,3.09,US,1714966255
34,shevchenko,48.5,35.0,11.99,58,58,5.09,UA,1714966427
35,dosso,13.049,3.1937,31.63,43,0,3.59,NE,1714966427
36,crane,31.3974,-102.3501,22.34,78,4,6.09,US,1714966427
37,karagandy,49.8019,73.1021,4.97,44,85,1.49,KZ,1714966428
38,happy valley-goose bay,53.3168,-60.3315,12.17,54,75,6.17,CA,1714966428
39,afaahiti,-17.75,-149.2833,28.93,87,47,9.62,PF,1714966428
40,pauini,-7.7136,-66.9764,24.33,91,41,0.49,BR,1714966428
41,vorgashor,67.5833,63.95,-12.57,94,100,1.5,RU,1714966428
42,novodvinsk,64.4165,40.8122,-1.14,86,63,3.6,RU,1714966428
43,hithadhoo,-0.6,73.0833,29.77,75,33,4.81,MV,1714966428
44,puerto natales,-51.7236,-72.4875,-1.97,87,71,1.66,CL,1714966248
45,dawei,14.0833,98.2,34.21,52,10,4.57,MM,1714966428
46,vredendal,-31.6683,18.5012,9.71,78,0,0.18,ZA,1714966428
47,nova vicosa,-17.8919,-39.3719,24.42,89,3,1.98,BR,1714966429
48,harstad,68.799,16.5293,1.25,84,6,9.39,NO,1714966429
49,keflavik,64.0049,-22.5624,3.95,93,40,4.63,IS,1714966429
50,praia da vitoria,38.7333,-27.0667,18.14,100,75,7.97,PT,1714966429
51,bilibino,68.0546,166.4372,0.47,77,11,1.01,RU,1714966429
52,kalmunai,7.4167,81.8167,31.71,67,58,2.81,LK,1714966429
53,sassandra,4.95,-6.0833,26.32,87,79,1.37,CI,1714966429
54,papatowai,-46.5619,169.4708,8.26,60,70,5.54,NZ,1714966429
55,chul'man,56.8479,124.9104,7.38,73,3,1.79,RU,1714966429
56,uturoa,-16.7333,-151.4333,28.02,80,7,8.84,PF,1714966429
57,isla del bosque,22.7333,-105.85,22.96,74,100,0.71,MX,1714966430
58,kas,36.2018,29.6377,16.68,49,0,2.5,TR,1714966430
59,axim,4.8699,-2.2405,27.3,85,73,2.15,GH,1714966430
60,makassar,-5.14,119.4221,30.03,84,20,1.54,ID,1714966204
61,puerto ayora,-0.7393,-90.3518,23.08,97,48,0.89,EC,1714966430
62,dakhla,23.6848,-15.958,17.98,82,5,7.95,EH,1714966430
63,atbara,17.7022,33.9864,27.1,18,3,3.94,SD,1714966430
64,constantia,44.1833,28.65,9.38,73,11,4.88,RO,1714966430
65,west island,-12.1568,96.8225,28.99,70,40,7.2,CC,1714966430
66,venezuela,8.0,-66.0,30.13,58,100,2.85,VE,1714966022
67,margaret river,-33.95,115.0667,19.89,58,37,3.79,AU,1714966431
68,georgetown,5.4112,100.3354,32.97,62,20,3.09,MY,1714965678
69,tralee,52.2704,-9.7026,9.56,97,76,1.3,IE,1714966431
70,kodiak,57.79,-152.4072,5.73,81,100,7.2,US,1714966400
71,tiksi,71.6872,128.8694,0.17,90,46,2.28,RU,1714966431
72,bismarck,46.8083,-100.7837,14.91,58,0,9.77,US,1714966173
73,novokhopersk,51.0969,41.6252,8.5,84,69,2.41,RU,1714966431
74,sept-iles,50.2001,-66.3821,3.92,94,100,4.12,CA,1714966262
75,duck lake,52.8168,-106.2344,11.5,56,100,5.87,CA,1714966431
76,iskateley,67.6803,53.1512,-7.21,88,90,1.79,RU,1714966431
77,iqaluit,63.7506,-68.5145,-3.15,80,100,4.63,CA,1714966431
78,berezovyy,51.6667,135.7,10.3,42,94,4.25,RU,1714966432
79,jamestown,42.097,-79.2353,15.8,100,100,3.09,US,1714966432
80,minas de marcona,-15.2119,-75.1103,15.46,90,81,5.58,PE,1714966432
81,bhisho,-32.8472,27.4422,19.35,31,13,3.38,ZA,1714966277
82,fort bragg,35.139,-79.006,21.32,93,100,1.79,US,1714966432
83,pathein,16.7833,94.7333,36.79,37,3,4.64,MM,1714966432
84,yigo village,13.5361,144.8886,30.62,66,75,5.66,GU,1714966432
85,kailua-kona,19.6406,-155.9956,26.98,80,75,4.12,US,1714966432
86,hilo,19.7297,-155.09,23.47,86,100,6.17,US,1714966188
87,remontnoye,46.5614,43.6501,9.26,54,1,3.01,RU,1714966433
88,tanumah,27.1,44.1333,26.25,24,0,7.82,SA,1714966433
89,klyuchi,52.2667,79.1667,9.51,38,0,5.11,RU,1714966433
90,island harbour,50.724,-1.2758,11.23,76,80,2.82,GB,1714966433
91,aasiaat,68.7098,-52.8699,-14.91,97,83,2.63,GL,1714966326
92,cannonvale,-20.2833,148.7,23.1,79,96,5.3,AU,1714966433
93,yellowknife,62.456,-114.3525,10.31,69,20,5.66,CA,1714966342
94,college,64.8569,-147.8028,14.99,40,75,6.69,US,1714966433
95,cururupu,-1.8283,-44.8683,23.81,100,100,0.49,BR,1714966433
96,gondar,12.6,37.4667,18.83,22,2,1.48,ET,1714966433
97,utrik,11.2278,169.8474,27.5,79,84,7.09,MH,1714966433
98,kismayo,-0.3582,42.5454,27.14,83,100,5.43,SO,1714966434
99,lensk,60.7253,114.9278,8.51,88,100,2.26,RU,1714966434
100,chengde,40.9725,117.9361,20.6,25,100,5.04,CN,1714966434
101,mikuni,36.2171,136.1519,24.95,75,100,9.33,JP,1714966152
102,la ronge,55.1001,-105.2842,9.14,49,75,2.06,CA,1714966434
103,ilulissat,69.2167,-51.1,-5.99,73,100,5.14,GL,1714966434
104,outjo,-20.1167,16.15,14.79,37,0,3.86,NA,1714966434
105,hasaki,35.7333,140.8333,22.38,72,93,11.43,JP,1714966434
106,qamdo,31.1667,97.2333,9.0,36,100,2.52,CN,1714966434
107,palikir - national government center,6.9248,158.1611,30.47,84,100,5.66,FM,1714966435
108,invercargill,-46.4,168.35,9.45,62,65,4.92,NZ,1714966435
109,kiunga,-6.1219,141.2906,26.86,83,100,0.75,PG,1714966435
110,grand island,40.925,-98.342,15.11,77,75,6.69,US,1714966435
111,al bardiyah,31.7561,25.0865,15.91,76,0,4.71,LY,1714966435
112,fang,19.9169,99.2145,39.71,19,34,0.99,TH,1714966435
113,blackmans bay,-43.0167,147.3167,15.41,58,29,1.89,AU,1714966435
114,howard springs,-12.497,131.047,32.68,59,9,3.9,AU,1714966435
115,punta arenas,-53.15,-70.9167,2.06,69,0,3.6,CL,1714966435
116,roanoke rapids,36.4615,-77.6542,20.49,100,100,2.06,US,1714966436
117,san patricio,28.017,-97.5169,26.58,82,97,5.88,US,1714966436
118,port elizabeth,-33.918,25.5701,19.62,43,0,3.09,ZA,1714966436
119,kainantu,-6.2887,145.8655,20.97,91,100,1.96,PG,1714966436
120,yaren,-0.5472,166.916,29.17,75,34,4.0,NR,1714966436
121,turochak,52.2576,87.1224,9.9,94,100,2.08,RU,1714966436
122,pisco,-13.7,-76.2167,19.03,88,66,1.54,PE,1714966436
123,sao miguel do iguacu,-25.3481,-54.2378,23.69,45,0,3.63,BR,1714966436
124,hawaiian paradise park,19.5933,-154.9731,23.35,86,100,6.17,US,1714966437
125,port mathurin,-19.6833,63.4167,26.25,60,1,8.86,MU,1714966437
126,carnarvon,-24.8667,113.6333,23.97,44,0,8.51,AU,1714966437
127,taroa,8.7058,171.2275,28.14,80,100,8.23,MH,1714966437
128,talnakh,69.4865,88.3972,-5.44,66,100,1.7,RU,1714966437
129,port lincoln,-34.7333,135.8667,16.79,70,1,4.68,AU,1714966437
130,anar darah,32.7587,61.654,27.1,25,0,2.04,AF,1714966437
131,castillos,-34.1667,-53.8333,18.21,99,98,1.15,UY,1714966401
132,sitka,57.0531,-135.33,7.94,66,75,2.06,US,1714966398
133,nemuro,43.3236,145.575,9.16,85,100,0.94,JP,1714966437
134,ofunato,39.0717,141.7167,18.46,65,100,2.96,JP,1714966242
135,hotan,37.0997,79.9269,25.61,13,76,5.36,CN,1714966438
136,champerico,14.3,-91.9167,29.63,74,30,1.99,GT,1714966438
137,stanley,54.868,-1.6985,10.71,97,75,1.03,GB,1714966438
138,khovd,48.0056,91.6419,25.52,6,8,2.98,MN,1714966438
139,st. john's,47.5649,-52.7093,0.66,93,0,4.63,CA,1714966218
140,anna regina,7.2644,-58.5077,27.18,82,100,3.28,GY,1714966438
141,kouroussa,10.65,-9.8833,26.9,70,70,4.13,GN,1714966438
142,aberdeen,57.1437,-2.0981,11.27,95,100,3.09,GB,1714966402
143,new norfolk,-42.7826,147.0587,16.07,48,40,0.99,AU,1714966438
144,talara,-4.5772,-81.2719,21.42,83,0,7.72,PE,1714966438
145,dunedin,-45.8742,170.5036,9.89,65,40,4.92,NZ,1714966438
146,amuntai,-2.4177,115.2494,32.83,60,98,0.31,ID,1714966439
147,fuxin,42.0156,121.6589,20.9,30,100,8.48,CN,1714966439
148,brigantine,39.4101,-74.3646,15.11,97,100,2.68,US,1714966439
149,dambatta,12.433,8.5154,30.06,39,80,1.52,NG,1714966439
150,phuthaditjhaba,-28.5242,28.8158,10.12,38,1,2.11,ZA,1714966439
151,sicuani,-14.2694,-71.2261,9.45,70,14,0.11,PE,1714966439
152,son la,21.3167,103.9,32.35,42,26,1.04,VN,1714966439
153,pedro betancourt,22.7272,-81.29,24.3,84,20,4.04,CU,1714966439
154,dobris,49.7811,14.1672,10.65,96,96,1.05,CZ,1714966440
155,mahajanga,-15.7167,46.3167,21.01,83,20,2.57,MG,1714966440
156,bengkulu,-3.8004,102.2655,29.73,70,9,2.85,ID,1714966440
157,olonkinbyen,70.9221,-8.7187,0.96,89,100,12.84,SJ,1714966440
158,longyearbyen,78.2186,15.6401,-4.09,68,100,3.09,SJ,1714966440
159,pacific grove,36.6177,-121.9166,12.97,77,0,2.68,US,1714966203
160,franklin,39.9667,-83.0166,20.18,83,40,4.63,US,1714966020
161,naze,28.3667,129.4833,24.51,86,53,6.02,JP,1714966440
162,abadan,30.3392,48.3043,24.97,78,75,2.06,IR,1714966440
163,kaspiyskiy,45.3929,47.3707,11.43,53,100,4.23,RU,1714966440
164,tshabong,-26.05,22.45,17.28,39,0,4.19,BW,1714966441
165,ribeira grande,38.5167,-28.7,18.21,96,100,8.05,PT,1714966441
166,gadzhiyevo,69.2551,33.3362,-1.19,73,100,8.91,RU,1714966441
167,godo,35.4167,136.6,21.1,100,100,3.75,JP,1714966441
168,cidreira,-30.1811,-50.2056,21.27,97,27,3.47,BR,1714966233
169,thompson,55.7435,-97.8558,6.09,70,20,1.54,CA,1714966441
170,lashio,22.9333,97.75,32.21,33,57,1.03,MM,1714966441
171,avarua,-21.2078,-159.775,27.03,89,75,7.2,CK,1714966441
172,cambria,35.5641,-121.0808,14.41,87,2,2.24,US,1714966337
173,labuan,5.2767,115.2417,31.2,74,40,1.03,MY,1714966441
174,baiti,13.745,-14.7482,28.2,22,0,2.92,SN,1714966441
175,san lawrenz,36.0553,14.204,16.03,87,7,3.28,MT,1714966442
176,tuxpan,19.55,-103.4,24.19,25,100,2.07,MX,1714966186
177,alaghsas,17.0187,8.0168,29.4,12,0,5.52,NE,1714966442
178,chonchi,-42.6128,-73.8092,5.62,97,97,1.07,CL,1714966442
179,wajir,1.7471,40.0573,26.98,83,75,2.57,KE,1714966442
180,paita,-5.0892,-81.1144,20.89,82,58,5.14,PE,1714966419
181,ishinomaki,38.4167,141.3,24.0,73,100,5.07,JP,1714966442
182,morehead city,34.7229,-76.726,23.0,86,0,4.12,US,1714966332
183,lebu,-37.6167,-73.65,10.69,79,94,7.15,CL,1714966442
184,veraval,20.9,70.3667,29.81,64,8,5.57,IN,1714966442
185,srisailain,16.0833,78.8667,36.82,35,1,1.81,IN,1714966442
186,sinop,41.7711,34.8709,5.02,74,1,0.43,TR,1714966443
187,rongelap,11.1635,166.8941,27.68,78,80,7.99,MH,1714966443
188,bataipora,-22.2953,-53.2711,21.37,44,0,2.73,BR,1714966443
189,baynjiwayn,35.6183,45.9541,11.22,74,70,3.05,IQ,1714966443
190,koster,-25.863,26.8976,10.48,46,90,1.2,ZA,1714966443
191,vadso,70.0744,29.7487,-0.51,86,100,7.2,NO,1714966443
192,nova sintra,14.8667,-24.7167,23.63,78,25,8.1,CV,1714966443
193,tommot,58.9564,126.2925,12.81,65,30,1.3,RU,1714966443
194,bossangoa,6.4926,17.4552,24.1,49,13,1.65,CF,1714966443
195,sinabang,2.4803,96.3801,30.21,71,78,0.95,ID,1714966443
196,borgarnes,64.5383,-21.9206,4.34,84,61,2.77,IS,1714966443
197,jacmel,18.2342,-72.5347,26.09,86,74,1.09,HT,1714966444
198,kinkala,-4.3614,14.7644,22.71,83,24,1.37,CG,1714966444
199,polyarnyy,69.1989,33.4478,-1.27,71,100,9.06,RU,1714966444
200,al burayqah,30.4062,19.5739,17.4,74,0,3.97,LY,1714966444
201,boende,-0.2167,20.8667,23.09,76,6,0.98,CD,1714966444
202,mahina,-17.5065,-149.489,29.87,58,40,6.17,PF,1714966444
203,alliance,40.9153,-81.1059,17.73,97,70,2.95,US,1714966444
204,salinopolis,-0.6136,-47.3561,25.54,93,99,9.92,BR,1714966444
205,pailon,-17.65,-62.75,25.5,83,39,4.51,BO,1714966444
206,lerwick,60.1545,-1.1494,9.0,96,99,2.53,GB,1714966445
207,qaqortoq,60.7167,-46.0333,-0.88,65,0,2.3,GL,1714966445
208,talagutong,6.2644,125.6678,29.45,71,41,4.28,PH,1714966445
209,konarka,19.9,86.1167,32.22,72,33,8.65,IN,1714966445
210,atafu village,-8.5421,-172.5159,29.76,74,21,2.78,TK,1714966445
211,manbij,36.5281,37.9549,13.43,72,95,3.71,SY,1714966445
212,fuglafjordur,62.244,-6.814,7.26,99,100,7.29,FO,1714966445
213,puerto leguizamo,-0.1934,-74.7819,22.13,99,100,0.83,CO,1714966445
214,at taj,24.2049,23.2857,18.95,29,0,4.04,LY,1714966446
215,enewetak,11.3474,162.3373,27.74,75,31,7.25,MH,1714966446
216,boda,4.3189,17.4695,23.01,70,0,0.65,CF,1714966446
217,fu'an,27.0892,119.6453,32.12,41,43,1.5,CN,1714966446
218,sandviken,60.6167,16.7667,3.65,84,100,3.93,SE,1714966446
219,naha,26.2125,127.6811,30.38,78,75,6.69,JP,1714966164
220,kapuskasing,49.4169,-82.4331,8.05,71,100,2.57,CA,1714966446
221,dadiya,9.6167,11.4333,26.29,70,100,2.3,NG,1714966446
222,puerto baquerizo moreno,-0.9,-89.6,22.92,88,38,3.16,EC,1714966446
223,tura,25.5198,90.2201,32.0,46,16,1.62,IN,1714966447
224,camapua,-19.5314,-54.0439,21.85,55,0,2.76,BR,1714966447
225,touros,-5.1989,-35.4608,26.66,80,83,5.99,BR,1714966447
226,nykobing sjaelland,55.9249,11.6711,10.03,92,75,3.94,DK,1714966447
227,ulan bator,47.9077,106.8832,18.07,32,0,1.0,MN,1714966405
228,sovata,46.5833,25.0667,11.24,88,52,0.8,RO,1714966447
229,masuguru,-11.3667,38.4167,21.38,96,38,0.93,TZ,1714966447
230,barbacha,36.5667,4.9667,11.24,72,0,2.06,DZ,1714966447
231,flin flon,54.7682,-101.865,8.54,63,26,3.58,CA,1714966447
232,petropavlovsk-kamchatsky,53.0452,158.6483,8.33,78,75,6.0,RU,1714966447
233,tonota,-21.4833,27.4833,12.69,51,0,1.87,BW,1714966448
234,sechura,-5.5569,-80.8222,21.61,78,44,6.87,PE,1714966448
235,kone,-21.0595,164.8658,27.04,51,91,3.2,NC,1714966448
236,tidjikja,18.5564,-11.4271,29.75,11,0,3.7,MR,1714966448
237,nicoya,10.1483,-85.452,26.99,81,43,1.38,CR,1714966448
238,samannud,30.9603,31.2433,15.47,80,0,2.97,EG,1714966448
239,souillac,-20.5167,57.5167,24.21,78,40,5.14,MU,1714966448
240,erdenet,49.0333,104.0833,18.93,26,100,2.15,MN,1714966448
241,poxoreo,-15.8372,-54.3892,21.08,70,0,1.88,BR,1714966448
242,cabo san lucas,22.8909,-109.9124,27.17,31,100,4.12,MX,1714966273
243,khandyga,62.6667,135.6,3.79,99,100,1.68,RU,1714966449
244,nar'yan-mar,67.6713,53.087,-7.16,88,91,1.79,RU,1714966449
245,pampa,35.5362,-100.9599,18.53,82,75,11.32,US,1714966449
246,zyrya,40.3661,50.2917,14.05,83,100,12.53,AZ,1714966449
247,thunder bay,48.4001,-89.3168,6.99,65,0,0.0,CA,1714966449
248,saint george's,12.0564,-61.7485,28.82,79,20,4.12,GD,1714966180
249,northam,51.0333,-4.2167,9.66,91,95,1.09,GB,1714966449
250,mount pleasant,32.7941,-79.8626,23.33,91,0,2.57,US,1714966449
251,pasuquin,18.3328,120.6177,31.97,74,20,4.12,PH,1714966450
252,san luis de la loma,17.2706,-100.8939,25.76,78,100,1.48,MX,1714966450
253,udachny,66.4167,112.4,-0.31,81,83,6.14,RU,1714966450
254,taber,49.8167,-112.1518,10.0,87,100,2.06,CA,1714966450
255,amga,60.8953,131.9608,11.92,45,60,2.53,RU,1714966450
256,manggar,-2.8833,108.2667,30.66,68,35,4.05,ID,1714966450
257,leava,-14.3,-178.1667,29.58,79,91,5.67,WF,1714966450
258,uvalde,29.3669,-99.767,22.95,93,75,2.57,US,1714966450
259,severo-yeniseyskiy,60.3725,93.0408,5.88,86,100,3.58,RU,1714966450
260,ola,59.5833,151.2833,3.41,73,27,1.7,RU,1714966450
261,"laikit, laikit ii (dimembe)",1.4792,124.9735,28.47,74,40,3.09,ID,1714966450
262,page,36.9147,-111.4558,8.88,58,100,6.71,US,1714966451
263,san pedro pochutla,15.7333,-96.4667,26.84,65,5,1.5,MX,1714966451
264,altai,46.3722,96.2583,16.81,12,86,7.24,MN,1714966451
265,frenda,35.0654,1.0495,10.43,33,100,1.74,DZ,1714966451
266,saipan,15.1355,145.701,33.39,55,40,7.2,MP,1714966451
267,obernai,48.4631,7.481,14.67,100,100,1.03,FR,1714966451
268,laguna,38.421,-121.4238,15.17,55,0,6.17,US,1714966451
269,volgodonsk,47.5136,42.1514,5.91,50,0,4.02,RU,1714966451
270,petoskey,45.3733,-84.9553,9.17,86,0,2.06,US,1714966188
271,callao,-12.0667,-77.15,20.95,82,0,6.69,PE,1714966232
272,milas,37.3164,27.7839,13.6,62,0,4.12,TR,1714966452
273,port douglas,-16.4833,145.4667,26.32,71,100,4.9,AU,1714966308
274,chaplynka,46.3651,33.5403,10.59,60,14,2.28,UA,1714966452
275,nueva concepcion,14.2,-91.3,28.83,77,100,0.92,GT,1714966452
276,tukrah,32.5341,20.5791,15.08,86,0,0.93,LY,1714966452
277,vegreville,53.5001,-112.0518,14.3,34,100,4.63,CA,1714966452
278,carthage,36.8611,10.3316,16.74,51,20,2.57,TN,1714966452
279,miches,18.9836,-69.0476,24.85,91,95,1.49,DO,1714966452
280,mococa,-21.4678,-47.0047,17.47,69,0,3.16,BR,1714966452
281,remire-montjoly,4.9167,-52.2667,26.02,100,75,1.54,GF,1714966453
282,newman,37.3138,-121.0208,14.58,63,29,0.89,US,1714966453
283,holualoa,19.6228,-155.9522,24.91,80,75,4.12,US,1714966453
284,tazovsky,67.4667,78.7,-5.26,92,100,5.66,RU,1714966453
285,ji'an,27.1172,114.9793,26.29,64,36,0.61,CN,1714966453
286,waingapu,-9.6567,120.2641,30.16,64,21,6.31,ID,1714966453
287,codrington,-38.2667,141.9667,16.08,62,7,6.53,AU,1714966453
288,akureyri,65.6835,-18.0878,2.96,70,20,3.6,IS,1714966453
289,puerto lempira,15.2667,-83.7667,26.54,83,1,4.03,HN,1714966453
290,maddela,16.3414,121.6849,37.55,30,28,0.32,PH,1714966453
291,thayetmyo,19.3167,95.1833,36.66,31,0,3.02,MM,1714966453
292,aswan,24.0934,32.907,22.79,22,0,4.63,EG,1714965882
293,weno,7.4515,151.8468,31.97,70,40,4.12,FM,1714966454
294,luau,-10.7073,22.2247,15.11,68,0,1.86,AO,1714966454
295,san ignacio de velasco,-16.3667,-60.95,23.09,66,0,1.93,BO,1714966454
296,sos'va,59.1766,61.8558,2.25,50,39,3.13,RU,1714966454
297,las cruces,32.3123,-106.7783,26.42,7,0,6.17,US,1714966454
298,belomorsk,64.5232,34.7668,-1.34,76,10,2.89,RU,1714966454
299,bocas del toro,9.3333,-82.25,26.14,73,99,1.48,PA,1714966454
300,mugia,43.1041,-9.2179,8.28,78,4,1.8,ES,1714966454
301,the pas,53.8251,-101.2541,12.01,50,75,4.12,CA,1714966454
302,tatarsk,55.219,75.9828,6.32,40,3,6.51,RU,1714966455
303,mudanjiang,44.5833,129.6,13.79,42,100,9.2,CN,1714966376
304,inhambane,-23.865,35.3833,20.49,79,1,1.72,MZ,1714966455
305,san antonio de pale,-1.4014,5.6325,27.9,85,79,5.89,GQ,1714966455
306,patacamaya,-17.2333,-67.9167,10.2,66,68,0.75,BO,1714966455
307,ghat,24.9647,10.1728,24.44,43,65,1.6,LY,1714966455
308,hami,42.8,93.45,32.04,4,100,8.05,CN,1714966455
309,buka,40.8108,69.1986,21.42,58,15,1.46,UZ,1714966455
310,mawlaik,23.6333,94.4167,32.53,38,62,1.17,MM,1714966455
311,napanee,44.2501,-76.9494,14.21,99,100,1.78,CA,1714966455
312,vilyuchinsk,52.9306,158.4028,9.15,70,50,3.09,RU,1714966455
313,sao joao da barra,-21.6403,-41.0511,24.84,84,0,4.27,BR,1714966212
314,bodo,67.28,14.405,4.97,70,0,9.26,NO,1714966456
315,lauro de freitas,-12.8944,-38.3272,25.01,94,75,4.12,BR,1714966334
316,dongola,19.1667,30.4833,26.78,16,0,4.88,SD,1714966456
317,suva,-18.1416,178.4415,26.71,89,75,3.6,FJ,1714966456
318,las khorey,11.1595,48.1967,30.6,74,9,2.72,SO,1714966456
319,balikpapan,-1.2675,116.8289,28.55,84,20,1.54,ID,1714966456
320,kamba,11.8486,3.6576,31.38,50,11,4.15,NG,1714966456
321,porto novo,6.4965,2.6036,29.9,87,12,2.41,BJ,1714966456
322,ust'-kut,56.7938,105.7672,20.24,33,94,5.36,RU,1714966456
323,colonia,50.9333,6.95,13.31,83,20,0.51,DE,1714966188
324,aykhal,66.0,111.5,0.02,94,100,5.01,RU,1714966243
325,ancud,-41.8697,-73.8203,9.1,84,93,8.29,CL,1714966457
326,tolanaro,-25.0319,46.9987,23.04,78,20,6.17,MG,1714966457
327,saint-philippe,-21.3585,55.7679,19.77,76,24,5.43,RE,1714966457
328,francistown,-21.17,27.5079,13.88,50,0,1.94,BW,1714966457
329,nysa,50.4738,17.3344,13.81,90,96,1.51,PL,1714966457
330,mar del plata,-38.0023,-57.5575,15.05,74,0,6.69,AR,1714966320
331,shimoda,34.6667,138.95,22.84,74,100,4.71,JP,1714966457
332,lalibela,12.0333,39.0333,17.83,51,26,1.75,ET,1714966457
333,tokar,18.4254,37.729,26.04,63,0,1.07,SD,1714966457
334,tbeng meanchey,13.8167,104.9667,37.38,40,35,2.61,KH,1714966457
335,koppies,-27.2418,27.5742,11.99,41,100,1.2,ZA,1714966458
336,vorkuta,67.5,64.0,-12.34,94,100,1.5,RU,1714966458
337,aksaray,38.3726,34.0254,4.84,75,0,3.9,TR,1714966458
338,aibak,36.2647,68.0155,23.41,38,47,0.3,AF,1714966458
339,usogorsk,63.4106,48.6872,-4.63,84,50,2.97,RU,1714966458
340,puerto cabezas,14.0351,-83.3888,26.17,82,2,2.73,NI,1714966458
341,siracusa,37.0881,15.2792,14.33,61,14,2.57,IT,1714966458
342,malanje,-9.5402,16.341,14.71,74,55,1.73,AO,1714966458
343,motueka,-41.1333,173.0167,16.0,50,19,1.18,NZ,1714966458
344,chui,-33.6971,-53.4616,19.32,96,96,1.59,UY,1714966458
345,coyhaique,-45.5752,-72.0662,-0.03,100,100,1.03,CL,1714966375
346,vinh yen,21.31,105.5967,22.97,91,100,1.72,VN,1714966459
347,colac,-38.3333,143.5833,16.76,46,0,2.62,AU,1714966459
348,dangriga,16.9692,-88.2321,27.12,84,0,4.71,BZ,1714966459
349,rantauprapat,2.1,99.8333,32.14,63,21,1.62,ID,1714966459
350,dudinka,69.4058,86.1778,-5.21,82,100,3.51,RU,1714966459
351,bikaner,28.0167,73.3,36.31,17,0,4.1,IN,1714966459
352,mejit,10.2753,170.8646,27.95,76,96,7.53,MH,1714966459
353,el doncello,1.6782,-75.2847,21.55,99,100,0.98,CO,1714966459
354,kegeyli shahar,42.7767,59.6078,19.05,43,8,4.74,UZ,1714966459
355,bonnyville,54.2668,-110.735,13.89,53,100,4.89,CA,1714966459
356,sandnessjoen,66.0217,12.6316,8.06,49,0,4.63,NO,1714966460
357,mhamid,29.82,-5.72,23.01,9,100,0.97,MA,1714966460
358,trubchevsk,52.5798,33.7644,10.37,81,45,2.72,RU,1714966460
359,springbok,-29.6643,17.8865,14.69,30,0,2.25,ZA,1714966460
360,vilyuysk,63.7553,121.6247,2.78,85,99,4.47,RU,1714966460
361,dien bien phu,21.3833,103.0167,36.73,34,45,0.54,VN,1714966269
362,midvagur,62.0511,-7.1939,7.46,100,100,7.2,FO,1714966460
363,rusape,-18.5278,32.1284,10.46,73,4,1.02,ZW,1714966460
364,boumahra ahmed,36.4583,7.5139,11.72,51,81,3.06,DZ,1714966460
365,zaozersk,69.4005,32.4476,-2.12,94,100,3.44,RU,1714966460
366,mount darwin,-16.7725,31.5838,12.37,91,1,1.27,ZW,1714966460
367,sovetskaya gavan',48.9723,140.2878,3.39,99,100,3.43,RU,1714966461
368,sisimiut,66.9395,-53.6735,-9.18,89,62,3.86,GL,1714966461
369,sao jose da coroa grande,-8.8978,-35.1478,26.53,84,32,4.12,BR,1714966461
370,nouadhibou,20.931,-17.0347,17.99,88,18,7.2,MR,1714966461
371,rio grande,-32.035,-52.0986,23.06,98,84,3.99,BR,1714966461
372,warah,27.4481,67.7978,38.05,17,0,2.08,PK,1714966461
373,les cayes,18.2,-73.75,25.75,79,66,2.13,HT,1714966461
374,p'ot'i,42.1462,41.672,12.05,88,100,1.67,GE,1714966461
375,sedhiou,12.7081,-15.5569,24.12,56,0,2.0,SN,1714966462
376,nizhnyaya poyma,56.1622,97.1933,21.41,44,92,5.77,RU,1714966462
377,huayin,34.5675,110.0921,24.66,50,0,2.98,CN,1714966462
378,ocean shores,46.9737,-124.1563,10.01,93,100,5.14,US,1714966348
379,kerema,-7.9631,145.7785,28.75,83,64,2.84,PG,1714966462
380,hadibu,12.65,54.0333,29.56,74,93,2.47,YE,1714966462
381,basco,20.4487,121.9702,29.02,74,90,3.43,PH,1714966462
382,namibe,-15.1961,12.1522,22.53,70,5,2.67,AO,1714966462
383,ponta delgada,37.7333,-25.6667,18.44,94,75,4.12,PT,1714966462
384,tofol,5.3248,163.0078,28.88,84,100,5.14,FM,1714966462
385,avrig,45.7167,24.3833,7.56,77,29,0.78,RO,1714966463
386,malangali,-8.5667,34.85,17.28,90,89,3.21,TZ,1714966463
387,penha,-26.7694,-48.6458,24.38,94,100,0.0,BR,1714966256
388,grand-lahou,5.1367,-5.0242,27.08,84,41,2.66,CI,1714966463
389,acapulco de juarez,16.8634,-99.8901,26.9,83,20,3.09,MX,1714966388
390,kimbe,-5.5502,150.1429,27.96,88,100,0.96,PG,1714966463
391,mundri,-6.9558,111.71,29.28,62,13,3.62,ID,1714966463
392,tamanrasset,22.785,5.5228,24.95,29,20,6.17,DZ,1714966463
393,dossor,47.5272,52.9811,12.24,49,81,2.74,KZ,1714966463
394,batticaloa,7.7102,81.6924,31.05,69,76,3.04,LK,1714966463
395,susuman,62.7833,148.1667,0.55,61,83,1.34,RU,1714966463
396,charters towers,-20.1,146.2667,28.61,37,75,4.46,AU,1714966464
397,queenstown,-31.8976,26.8753,13.19,43,1,2.94,ZA,1714966464
398,sakaraha,-22.9,44.5333,16.95,67,0,2.19,MG,1714966464
399,west bay,19.3667,-81.4167,28.04,83,20,4.63,KY,1714966464
400,banyo,6.75,11.8167,20.3,78,26,0.94,CM,1714966464
401,yarmouth,41.7057,-70.2286,9.52,94,100,3.6,US,1714966464
402,beyneu,45.3167,55.2,17.18,49,100,1.94,KZ,1714966464
403,abong mbang,3.9833,13.1833,20.73,90,37,0.61,CM,1714966464
404,george town,5.4112,100.3354,32.97,62,20,3.09,MY,1714966062
405,fortuna,40.5982,-124.1573,10.92,84,75,0.0,US,1714966465
406,egilsstadir,65.2653,-14.3948,3.95,75,75,5.14,IS,1714966465
407,hede,33.7681,120.2517,21.74,62,55,5.72,CN,1714966465
408,vallenar,-28.5708,-70.7581,15.33,53,1,0.44,CL,1714966465
409,sumbe,-11.2061,13.8437,24.39,78,1,2.16,AO,1714966465
410,hermanus,-34.4187,19.2345,13.88,74,28,4.7,ZA,1714966465
411,mogocha,53.7333,119.7667,18.57,18,54,2.43,RU,1714966465
412,shenkursk,62.1091,42.896,-0.86,52,13,3.99,RU,1714966465
413,'ain deheb,34.8422,1.547,16.34,25,32,2.93,DZ,1714966465
414,pama,11.2497,0.7075,29.74,59,18,4.09,BF,1714966465
415,walvis bay,-22.9575,14.5053,12.53,94,0,1.03,NA,1714966466
416,eureka,40.8021,-124.1637,11.07,82,92,0.45,US,1714966466
417,mersa matruh,31.3525,27.2453,19.11,63,40,3.6,EG,1714966466
418,lillehammer,61.1146,10.4674,7.98,90,100,1.45,NO,1714966466
419,bayganin,48.6947,55.8742,9.64,54,100,3.51,KZ,1714966466
420,lompoc,34.6391,-120.4579,12.1,72,0,6.17,US,1714966466
421,madimba,-10.4,40.3333,23.79,93,49,3.9,TZ,1714966466
422,samus',56.7475,84.6992,10.62,42,28,6.9,RU,1714966466
423,coahuayana de hidalgo,18.7,-103.6583,21.5,91,100,1.05,MX,1714966466
424,ariquemes,-9.9133,-63.0408,24.7,90,100,0.29,BR,1714966203
425,arkhangel'sk,64.5401,40.5433,-0.94,86,40,3.0,RU,1714966466
426,tilisarao,-32.7329,-65.2911,11.84,83,2,0.34,AR,1714966466
427,villa gesell,-37.2639,-56.973,17.25,94,100,4.93,AR,1714966467
428,gananoque,44.3334,-76.1661,14.7,88,100,2.56,CA,1714966064
429,freeport,40.6576,-73.5832,12.51,90,100,1.54,US,1714966467
430,byron bay,-28.65,153.6167,22.06,73,60,6.84,AU,1714966467
431,quatre cocos,-20.2078,57.7625,24.06,67,10,7.09,MU,1714966467
432,copala,16.65,-98.9833,25.98,73,17,0.43,MX,1714966467
433,mamboma,8.0833,-11.6833,24.24,96,100,0.79,SL,1714966467
434,trelew,-43.249,-65.3051,8.0,39,82,5.09,AR,1714966203
435,menongue,-14.6585,17.691,11.91,57,0,2.27,AO,1714966467
436,bereznik,62.8551,42.7072,-0.64,58,14,3.02,RU,1714966467
437,amahai,-3.3333,128.9167,26.7,86,82,2.44,ID,1714966468
438,forio,40.7342,13.8646,14.85,70,5,2.25,IT,1714966468
439,bay city,43.5945,-83.8889,13.0,79,0,3.09,US,1714966468
440,ambodifotatra,-16.9833,49.85,23.03,94,100,8.23,MG,1714966468
441,kil,59.5072,13.314,6.94,87,100,4.63,SE,1714966468
442,cockburn town,21.4612,-71.1419,25.37,85,95,9.63,TC,1714966468
443,nadym,65.5333,72.5167,-3.91,88,97,8.71,RU,1714966468
444,mount gambier,-37.8333,140.7667,17.95,49,0,4.5,AU,1714966468
445,bauchi,10.5,10.0,26.78,55,99,0.43,NG,1714966468
446,mana,5.6592,-53.7767,26.89,84,79,5.29,GF,1714966468
447,tazacorte,28.629,-17.9293,18.54,77,40,5.14,ES,1714966469
448,cadale,2.7603,46.3222,27.63,80,100,5.58,SO,1714966469
449,harnosand,62.6323,17.9379,3.01,78,64,6.6,SE,1714966469
450,beloyarskiy,63.7119,66.6722,-2.78,88,84,1.79,RU,1714966469
451,sao miguel do araguaia,-13.275,-50.1628,23.43,61,73,1.96,BR,1714966469
452,jinji,23.2281,110.8261,24.8,89,100,3.16,CN,1714966470
453,corinto,37.9407,22.9573,14.59,61,0,1.46,GR,1714966470
454,patrocinio,-18.9439,-46.9925,16.47,76,15,2.44,BR,1714966470
455,bardai,11.65,7.2333,25.44,63,56,4.87,NG,1714966470
456,greymouth,-42.4667,171.2,12.44,66,94,0.99,NZ,1714966470
457,douentza,14.9951,-2.9517,31.0,19,27,1.01,ML,1714966470
458,kota bharu,6.1333,102.2386,33.97,52,20,2.57,MY,1714966470
459,valentin gomez farias,28.2167,-106.5833,20.16,11,94,9.71,MX,1714966471
460,sabha,27.0377,14.4283,23.3,23,92,4.71,LY,1714966471
461,troitskiy,57.0603,63.7481,5.14,46,32,4.97,RU,1714966471
462,tozkhurmato,34.8905,44.6299,23.75,39,86,6.96,IQ,1714966471
463,jiwani,25.05,61.7417,29.22,69,0,7.68,PK,1714966471
464,chibougamau,49.9168,-74.3659,5.79,93,40,1.03,CA,1714966471
465,lycksele,64.5954,18.6735,-0.07,80,75,0.0,SE,1714966471
466,aydarken,39.9443,71.3429,12.24,54,19,1.27,KG,1714966471
467,hagere selam,6.4833,38.5167,11.05,90,92,1.17,ET,1714966471
468,ciudad bolivar,8.1222,-63.5497,28.83,68,98,5.22,VE,1714966472
469,tome acu,-2.4189,-48.1522,23.87,99,99,1.07,BR,1714966472
470,antofagasta,-23.65,-70.4,14.6,88,45,2.52,CL,1714966210
471,drayton valley,53.2168,-114.9854,7.19,79,100,4.57,CA,1714966472
472,geraldton,-28.7667,114.6,22.23,53,0,4.63,AU,1714966472
473,guerrero negro,27.9769,-114.0611,15.76,84,16,8.78,MX,1714966472
474,sanctuary point,-35.1114,150.629,19.86,57,58,6.28,AU,1714966472
475,makarov,48.6333,142.8,1.04,98,100,6.29,RU,1714966472
476,shar,49.5886,81.0453,10.28,59,100,4.06,KZ,1714966472
477,watsa,3.0372,29.5355,18.21,95,83,1.03,CD,1714966472
478,jiangyou,31.7667,104.7167,26.47,47,57,3.08,CN,1714966473
479,morpeth,55.1676,-1.6912,11.94,100,75,1.03,GB,1714966473
480,hamilton,39.1834,-84.5333,20.05,85,20,0.0,US,1714965974
481,vuktyl,63.8567,57.3094,-4.38,96,68,1.34,RU,1714966473
482,awjilah,29.1081,21.2869,15.91,58,0,3.25,LY,1714966473
483,vila franca do campo,37.7167,-25.4333,18.27,99,100,3.66,PT,1714966473
484,port macquarie,-31.4333,152.9167,17.16,85,91,8.69,AU,1714966385
485,pierre,44.3683,-100.351,15.48,59,0,7.72,US,1714966473
486,ambon,-3.6954,128.1814,28.08,83,40,1.03,ID,1714966473
487,kapa'a,22.0752,-159.319,27.99,79,40,8.75,US,1714966474
488,kruisfontein,-34.0033,24.7314,14.79,54,0,3.47,ZA,1714966474
489,gouloure,12.2306,-1.9289,32.85,53,91,3.79,BF,1714966474
490,prince rupert,54.3161,-130.3201,6.83,93,100,6.69,CA,1714966474
491,santana,-0.0583,-51.1817,27.1,89,0,1.54,BR,1714966474
492,scone,56.4194,-3.4051,12.38,80,100,0.73,GB,1714966474
493,mount isa,-20.7333,139.5,27.87,30,35,5.14,AU,1714966474
494,san andres,12.5847,-81.7006,29.01,79,20,4.12,CO,1714966442
495,darhan,49.4867,105.9228,20.35,26,99,1.11,MN,1714966474
496,ivolginsk,51.7492,107.2837,16.81,42,86,4.0,RU,1714966474
497,tarko-sale,64.9225,77.785,-3.24,92,100,9.45,RU,1714966474
498,yanam,16.7333,82.2167,36.91,44,10,3.49,IN,1714966475
499,niebull,54.7866,8.8285,10.03,91,100,4.57,DE,1714966475
500,kingston,17.997,-76.7936,28.53,74,40,6.69,JM,1714966192
501,mhangura,-16.8939,30.1683,13.47,80,6,1.13,ZW,1714966458
502,hammerfest,70.6634,23.6821,-0.75,74,100,3.6,NO,1714966475
503,saldanha,-33.0117,17.9442,14.03,88,94,7.2,ZA,1714966475
504,salavan,15.7167,106.4167,39.57,31,9,0.71,LA,1714966475
505,kindu,-2.95,25.95,20.91,85,16,0.97,CD,1714966475
506,mount pearl,47.5166,-52.7813,0.19,93,0,4.63,CA,1714966475
507,porto velho,-8.7619,-63.9039,26.03,94,20,1.03,BR,1714965947
508,yevpatoriya,45.1972,33.3558,11.08,58,1,2.21,UA,1714966476
509,barclayville,4.6797,-8.2339,26.53,88,80,1.87,LR,1714966476
510,longquan,24.6719,102.1613,23.78,43,89,3.31,CN,1714966476
511,tezu,27.9167,96.1667,30.18,32,95,1.66,IN,1714966476
512,szydlowiec,51.2282,20.8611,14.18,91,86,3.53,PL,1714966476
513,nadi,-17.8,177.4167,30.0,74,75,6.17,FJ,1714966476
514,port blair,11.6667,92.75,34.02,62,40,1.54,IN,1714966476
515,coquimbo,-29.9533,-71.3436,11.85,82,0,2.06,CL,1714966007
516,trondheim,63.4305,10.3951,8.03,84,16,4.99,NO,1714966476
517,tyazhinskiy,56.116,88.524,9.92,62,100,7.26,RU,1714966476
518,lihue,21.9789,-159.3672,27.58,73,40,8.75,US,1714966477
519,ust'-kulom,61.6864,53.6902,1.36,71,100,3.38,RU,1714966477
520,kerikeri,-35.2268,173.9474,18.84,83,67,0.89,NZ,1714966477
521,pirane,-25.7324,-59.1088,21.46,89,0,2.64,AR,1714966255
522,seydi,39.4816,62.9137,22.32,42,4,5.14,TM,1714966477
523,vershino-darasunskiy,52.35,115.5167,14.62,37,54,0.78,RU,1714966477
524,woolgoolga,-30.1106,153.2007,20.93,67,32,7.13,AU,1714966477
525,pedra azul,-16.0053,-41.2972,17.27,97,0,1.18,BR,1714966477
526,dewas,22.9667,76.0667,30.1,28,31,5.74,IN,1714966477
527,kayyerkan,69.3786,87.7439,-5.39,77,100,2.04,RU,1714966477
528,saint-francois,46.4154,3.9054,12.03,95,100,3.09,FR,1714966478
529,haimen,23.1935,116.6142,30.94,69,100,0.76,CN,1714966478
530,selebi-phikwe,-21.979,27.8498,13.37,52,0,0.97,BW,1714966478
531,boa vista,2.8197,-60.6733,27.99,89,40,1.54,BR,1714966478
532,vol'sk,52.0333,47.3833,10.4,72,44,6.28,RU,1714966478
533,el granada,37.5027,-122.4694,12.19,77,0,9.77,US,1714966478
534,mandera,3.9366,41.867,26.92,76,81,3.14,KE,1714966478
535,oum hadjer,13.2954,19.6966,29.53,13,1,3.73,TD,1714966478
536,kristiansund,63.1115,7.732,8.36,81,75,2.06,NO,1714966478
537,kirillov,59.863,38.3813,-2.79,65,17,2.98,RU,1714966478
538,uray,60.1247,64.7758,1.6,55,18,2.68,RU,1714966479
539,villa de arista,22.65,-100.8333,28.45,67,65,6.19,MX,1714966479
540,onega,63.9061,38.1404,-1.22,81,81,2.89,RU,1714966479
541,necochea,-38.5473,-58.7368,14.1,49,100,3.97,AR,1714966479
542,banda aceh,5.5577,95.3222,30.8,68,73,1.81,ID,1714966479
543,huarmey,-10.0681,-78.1522,19.96,88,79,4.19,PE,1714966479
544,pisogne,45.8101,10.1073,16.34,88,98,0.57,IT,1714966479
545,lospalos,-8.5186,127.0025,26.58,73,39,5.58,TL,1714966479
546,skovorodino,53.9833,123.9167,18.82,22,58,2.48,RU,1714966479
547,mangrol,21.1167,70.1167,29.16,69,5,5.42,IN,1714966479
548,okhotsk,59.3833,143.3,4.43,76,36,3.38,RU,1714966479
549,puerto san jose,13.9256,-90.8244,29.15,73,73,1.33,GT,1714966480
550,mariehamn,60.0973,19.9348,6.92,57,0,3.09,AX,1714966480
551,tambopata,-12.7333,-69.1833,23.96,92,14,0.78,PE,1714966480
552,la sarre,48.8002,-79.1996,6.61,88,79,2.62,CA,1714966480
553,kermit,31.8576,-103.0927,23.91,69,0,9.77,US,1714966381
554,revda,56.801,59.9303,3.38,78,100,4.78,RU,1714966480
555,horta,38.5333,-28.6333,17.79,96,100,8.05,PT,1714966480
556,bel ombre,-4.6167,55.4167,25.91,89,75,7.72,SC,1714966480
557,tadine,-21.55,167.8833,23.66,55,85,6.19,NC,1714966480
558,as sulayyil,20.4607,45.5779,26.14,44,1,2.89,SA,1714966481
559,targuist,34.9377,-4.3186,13.75,69,100,1.6,MA,1714966481
560,kosh-agach,50.0,88.6667,14.06,22,97,0.89,RU,1714966481
561,antsiranana,-12.2787,49.2917,25.01,74,11,7.04,MG,1714966481
562,anjar,23.1333,70.0167,32.97,34,0,6.03,IN,1714966481
563,sarangani,5.4033,125.4636,28.56,73,91,3.37,PH,1714966481
564,pandan,14.0453,124.1694,30.89,58,67,5.5,PH,1714966481
565,san rafael,-34.6177,-68.3301,10.44,66,1,2.86,AR,1714966481
566,weyburn,49.6668,-103.8511,15.12,47,100,7.72,CA,1714966481
567,brookings,44.3114,-96.7984,13.99,68,0,5.66,US,1714966347
568,panaba,21.2833,-88.2667,26.44,76,0,5.4,MX,1714966482
569,cole harbour,44.6724,-63.4751,5.71,89,100,3.09,CA,1714966482
570,guantanamo,20.1444,-75.2092,26.76,91,9,1.7,CU,1714966482
571,foiano della chiana,43.2556,11.8153,11.47,79,69,1.95,IT,1714966482
572,jieyang,23.5289,116.3642,30.96,62,100,1.17,CN,1714966482
573,hizan,38.2257,42.4278,6.6,93,97,1.68,TR,1714966482
574,brantford,43.1334,-80.2664,14.4,61,87,3.27,CA,1714966482
575,esperantina,-3.9017,-42.2336,23.26,96,100,0.42,BR,1714966482
576,dedovichi,57.5517,29.9502,1.76,74,14,3.4,RU,1714966483
577,natal,-5.795,-35.2094,25.36,94,20,2.57,BR,1714966133
578,kuraymah,18.55,31.85,27.11,17,0,4.95,SD,1714966483
579,margate,51.3813,1.3862,12.72,87,24,2.73,GB,1714966483
580,okahandja,-21.9833,16.9167,12.82,36,0,3.94,NA,1714966483
581,ballina,-28.8667,153.5667,22.1,75,88,7.52,AU,1714966483
582,jianguang,28.1938,115.7836,25.1,66,94,1.56,CN,1714966483
583,kibakwe,-6.7167,36.3667,17.94,97,98,1.11,TZ,1714966483
584,noumea,-22.2763,166.4572,26.67,99,62,7.31,NC,1714966483
